<assembly xmlns="http://maven.apache.org/plugins/maven-assembly-plugin/assembly/1.1.0"
          xmlns:xsi="http://www.w3.org/2001/XMLSchema-instance"
          xsi:schemaLocation="http://maven.apache.org/plugins/maven-assembly-plugin/assembly/1.1.0 http://maven.apache.org/xsd/assembly-1.1.0.xsd">
    <id>dist</id>
    <formats>
        <format>tar.gz</format>
    </formats>
    <includeBaseDirectory>false</includeBaseDirectory>
    <fileSets>
        <fileSet>
            <directory>.</directory>
            <outputDirectory>/</outputDirectory>
            <includes>
                <include>README*</include>
            </includes>
        </fileSet>
        <fileSet>
            <directory>./src/main/bin</directory>
            <outputDirectory>bin</outputDirectory>
            <includes>
                <include>**/*</include>
            </includes>
            <fileMode>0755</fileMode>
        </fileSet>
        <fileSet>
            <directory>./src/main/resources</directory>
            <outputDirectory>/conf</outputDirectory>
            <includes>
                <include>application.yml</include>
                <include>logback.xml</include>
                <include>public/**</include>
                <include>canal_manager.sql</include>
                <include>canal-template.properties</include>
                <include>instance-template.properties</include>
            </includes>
        </fileSet>
        <fileSet>
            <directory>target</directory>
            <outputDirectory>logs</outputDirectory>
            <excludes>
                <exclude>**/*</exclude>
            </excludes>
        </fileSet>
    </fileSets>
    <dependencySets>
        <dependencySet>
            <outputDirectory>lib</outputDirectory>
            <excludes>
                <exclude>junit:junit</exclude>
            </excludes>
        </dependencySet>
    </dependencySets>
</assembly>
